region,lobe,length,norm_length,sex,gene,line,driver
ve,verellip,30.627,0.191382866,F,Snr1,32372,ubi156
ve,verellip,27.571,0.221293844,M,Snr1,32372,ubi156
ve,verellip,30.372,0.242529745,M,Snr1,32372,ubi156
ve,verellip,30.302,0.243272319,M,Snr1,32372,ubi156
ve,verellip,30.11453359,0.25822735,F,Snr1,32372,ubi156
ve,verellip,44.002,0.270017182,F,Snr1,32372,ubi156
ve,verellip,36.544,0.275991239,F,Snr1,32372,ubi156
he,horellip,34.439,0.276418653,M,Snr1,32372,ubi156
ve,verellip,29.416,0.277143396,F,Snr1,32372,ubi156
ve,verellip,34.191,0.284735177,F,Snr1,32372,ubi156
ve,verellip,35.881,0.289479629,M,Snr1,32372,ubi156
ve,verellip,34.418,0.292645183,F,Snr1,32372,ubi156
ve,verellip,42.859,0.295050255,F,Snr1,32372,ubi156
ve,verellip,34.16,0.301686832,F,Snr1,32372,ubi156
ve,verellip,34.733,0.302420549,M,Snr1,32372,ubi156
ve,verellip,35.29,0.303491572,F,Snr1,32372,ubi156
ve,verellip,30.863,0.304068966,M,Snr1,32372,ubi156
ve,verellip,32.633,0.305523827,F,Snr1,32372,ubi156
ve,verellip,31.736,0.308206274,M,Snr1,32372,ubi156
ve,verellip,34.652,0.310418346,M,Snr1,32372,ubi156
ve,verellip,31.319,0.31356628,M,Snr1,32372,ubi156
ve,verellip,32.258,0.31591421,M,Snr1,32372,ubi156
ve,verellip,32.018,0.318967922,F,Snr1,32372,ubi156
ve,verellip,31.683,0.31990751,M,Snr1,32372,ubi156
he,horellip,37.213,0.32002924,F,Snr1,32372,ubi156
ve,verellip,43.362,0.320677415,M,Snr1,32372,ubi156
ve,verellip,43.782,0.322092253,F,Snr1,32372,ubi156
ve,verellip,38.492,0.32592718,F,Snr1,32372,ubi156
he,horellip,41.249,0.331157675,M,Snr1,32372,ubi156
he,horellip,54.022,0.331504664,F,Snr1,32372,ubi156
ve,verellip,36.545,0.333774774,F,Snr1,32372,ubi156
ve,verellip,34.905,0.33421103,M,Snr1,32372,ubi156
ve,verellip,36.017,0.334481798,M,Snr1,32372,ubi156
ve,verellip,34.254,0.336747936,F,Snr1,32372,ubi156
ve,verellip,32.496,0.339273969,F,Snr1,32372,ubi156
he,horellip,39,0.344431688,F,Snr1,32372,ubi156
ve,verellip,36.479,0.348914395,M,Snr1,32372,ubi156
he,horellip,46.251,0.349301412,F,Snr1,32372,ubi156
ve,verellip,36.482,0.349511401,M,Snr1,32372,ubi156
ve,verellip,33.849,0.352109599,F,Snr1,32372,ubi156
ve,verellip,43.327,0.352883206,F,Snr1,32372,ubi156
ve,verellip,36.905,0.357537299,M,Snr1,32372,ubi156
ve,verellip,37.286,0.361053549,F,Snr1,32372,ubi156
he,horellip,41.51,0.361427949,M,Snr1,32372,ubi156
ve,verellip,35.607,0.364325619,M,Snr1,32372,ubi156
he,horellip,45.791,0.365655194,M,Snr1,32372,ubi156
ve,verellip,34.731,0.366650831,M,Snr1,32372,ubi156
he,horellip,43.0734003,0.369347577,F,Snr1,32372,ubi156
he,horellip,39.241,0.369709817,F,Snr1,32372,ubi156
he,horellip,59.442,0.371442854,F,Snr1,32372,ubi156
he,horellip,50.356,0.372400532,M,Snr1,32372,ubi156
he,horellip,46.827,0.377789431,M,Snr1,32372,ubi156
ve,verellip,37.56,0.3780764,M,Snr1,32372,ubi156
he,horellip,37.98,0.380256308,M,Snr1,32372,ubi156
he,horellip,45.09,0.383385767,F,Snr1,32372,ubi156
he,horellip,46.201,0.384751832,F,Snr1,32372,ubi156
he,horellip,38.844,0.386969516,F,Snr1,32372,ubi156
he,horellip,38.66,0.389148925,M,Snr1,32372,ubi156
he,horellip,46.016,0.389635902,F,Snr1,32372,ubi156
he,horellip,57.141,0.393370508,F,Snr1,32372,ubi156
he,horellip,40.701,0.394122204,F,Snr1,32372,ubi156
he,horellip,48.773,0.397238964,F,Snr1,32372,ubi156
he,horellip,38.05,0.397260417,F,Snr1,32372,ubi156
he,horellip,41.913,0.401311758,M,Snr1,32372,ubi156
he,horellip,41.015,0.40408867,M,Snr1,32372,ubi156
he,horellip,42.288,0.405135083,M,Snr1,32372,ubi156
he,horellip,44.427,0.405763083,F,Snr1,32372,ubi156
he,horellip,41.93,0.407205982,M,Snr1,32372,ubi156
he,horellip,55.449,0.407923196,F,Snr1,32372,ubi156
he,horellip,40.668,0.410630263,M,Snr1,32372,ubi156
he,horellip,43.888,0.410897856,F,Snr1,32372,ubi156
he,horellip,46.227,0.41410911,M,Snr1,32372,ubi156
he,horellip,42.182,0.414687377,F,Snr1,32372,ubi156
he,horellip,40.072,0.416843507,F,Snr1,32372,ubi156
he,horellip,43.774,0.418689622,M,Snr1,32372,ubi156
he,horellip,43.304,0.424091666,M,Snr1,32372,ubi156
he,horellip,40.311,0.425558195,M,Snr1,32372,ubi156
he,horellip,46.026,0.427433135,M,Snr1,32372,ubi156
he,horellip,44.857,0.434576632,M,Snr1,32372,ubi156
he,horellip,43.132,0.441320318,M,Snr1,32372,ubi156
ve,verellip,29.286,0.183968842,F,SMC1,34351,ubi56
ve,verellip,26.944,0.193008596,F,SMC1,34351,ubi56
ve,verellip,22.846,0.200755712,F,SMC1,34351,ubi56
ve,verellip,29.023,0.25134667,M,SMC1,34351,ubi56
ve,verellip,32.389,0.256242089,F,SMC1,34351,ubi56
ve,verellip,31.676,0.265204287,F,SMC1,34351,ubi56
ve,verellip,33.944,0.273565442,M,SMC1,34351,ubi56
ve,verellip,34.069,0.279048243,F,SMC1,34351,ubi56
ve,verellip,32.659,0.279256092,M,SMC1,34351,ubi56
ve,verellip,37.009,0.283051625,F,SMC1,34351,ubi56
ve,verellip,35.139,0.284457217,M,SMC1,34351,ubi56
ve,verellip,32.96,0.28633481,F,SMC1,34351,ubi56
ve,verellip,31.821,0.287972851,M,SMC1,34351,ubi56
ve,verellip,32.391,0.288048021,M,SMC1,34351,ubi56
ve,verellip,29.608,0.292193822,M,SMC1,34351,ubi56
ve,verellip,40.058,0.294825937,F,SMC1,34351,ubi56
ve,verellip,32.029,0.296455017,M,SMC1,34351,ubi56
ve,verellip,29.807,0.296764237,M,SMC1,34351,ubi56
ve,verellip,36.021,0.298533068,F,SMC1,34351,ubi56
ve,verellip,30.691,0.306083574,M,SMC1,34351,ubi56
ve,verellip,34.429,0.310787146,M,SMC1,34351,ubi56
ve,verellip,34.901,0.31394261,F,SMC1,34351,ubi56
ve,verellip,36.111,0.314117954,F,SMC1,34351,ubi56
ve,verellip,38.713,0.324474059,F,SMC1,34351,ubi56
ve,verellip,33.204,0.328622328,M,SMC1,34351,ubi56
ve,verellip,38.28,0.329205366,F,SMC1,34351,ubi56
ve,verellip,34.438,0.333507651,M,SMC1,34351,ubi56
ve,verellip,33.063,0.335144395,M,SMC1,34351,ubi56
ve,verellip,37.591,0.351088073,M,SMC1,34351,ubi56
ve,verellip,36.749,0.352677543,M,SMC1,34351,ubi56
ve,verellip,41.715,0.353936874,F,SMC1,34351,ubi56
he,horellip,35.497,0.354014162,M,SMC1,34351,ubi56
ve,verellip,34.836,0.355302613,M,SMC1,34351,ubi56
ve,verellip,35.641,0.357974348,M,SMC1,34351,ubi56
he,horellip,39.878,0.369104036,M,SMC1,34351,ubi56
he,horellip,38.306,0.370966492,M,SMC1,34351,ubi56
ve,verellip,39.223,0.371852484,F,SMC1,34351,ubi56
he,horellip,37.657,0.372693983,M,SMC1,34351,ubi56
ve,verellip,36.05411024,0.373487074,M,SMC1,34351,ubi56
he,horellip,46.544,0.376782968,M,SMC1,34351,ubi56
he,horellip,43.607,0.377647874,M,SMC1,34351,ubi56
he,horellip,38.393,0.378890753,M,SMC1,34351,ubi56
he,horellip,45.408,0.380588383,F,SMC1,34351,ubi56
he,horellip,42.546,0.382711163,F,SMC1,34351,ubi56
he,horellip,45.936,0.384594776,F,SMC1,34351,ubi56
he,horellip,49.398,0.390806962,F,SMC1,34351,ubi56
he,horellip,62.336,0.391582386,F,SMC1,34351,ubi56
ve,verellip,38.906,0.392545807,F,SMC1,34351,ubi56
ve,verellip,37.361,0.395111995,M,SMC1,34351,ubi56
he,horellip,46.236,0.39534844,M,SMC1,34351,ubi56
ve,verellip,42.274,0.396306365,F,SMC1,34351,ubi56
ve,verellip,40.896,0.397318566,F,SMC1,34351,ubi56
he,horellip,44.096,0.399058824,M,SMC1,34351,ubi56
he,horellip,38.66314001,0.400514198,M,SMC1,34351,ubi56
he,horellip,46.234,0.401650595,F,SMC1,34351,ubi56
he,horellip,54.956,0.404474866,F,SMC1,34351,ubi56
he,horellip,39.918,0.404630371,M,SMC1,34351,ubi56
he,horellip,41.839,0.420226389,M,SMC1,34351,ubi56
he,horellip,47.32,0.420809249,M,SMC1,34351,ubi56
he,horellip,49.012,0.421499828,F,SMC1,34351,ubi56
he,horellip,49.687,0.421576447,F,SMC1,34351,ubi56
he,horellip,44.23,0.424472169,M,SMC1,34351,ubi56
he,horellip,59.299,0.424777937,F,SMC1,34351,ubi56
he,horellip,47.218,0.426232172,M,SMC1,34351,ubi56
he,horellip,51.457,0.426462788,F,SMC1,34351,ubi56
he,horellip,45.692,0.426748856,M,SMC1,34351,ubi56
he,horellip,52.102,0.426750758,F,SMC1,34351,ubi56
he,horellip,45.055,0.427142586,F,SMC1,34351,ubi56
he,horellip,41.021,0.428897044,F,SMC1,34351,ubi56
he,horellip,49.364,0.429401531,F,SMC1,34351,ubi56
he,horellip,53.356,0.430012895,M,SMC1,34351,ubi56
ve,verellip,41.17,0.430454921,F,SMC1,34351,ubi56
he,horellip,42.888,0.432722576,F,SMC1,34351,ubi56
he,horellip,44.634,0.433634509,F,SMC1,34351,ubi56
he,horellip,43.032,0.438896028,M,SMC1,34351,ubi56
he,horellip,57.869,0.442592734,F,SMC1,34351,ubi56
he,horellip,48.422,0.453942064,F,SMC1,34351,ubi56
he,horellip,43.579,0.460870577,M,SMC1,34351,ubi56
he,horellip,48.465,0.482526882,M,SMC1,34351,ubi56
he,horellip,62.535,0.549516696,F,SMC1,34351,ubi56
ve,verellip,38.536,0.245436596,F,brm,35211,ubi156
ve,verellip,30.312,0.275238355,M,brm,35211,ubi156
ve,verellip,28.798,0.27894227,M,brm,35211,ubi156
ve,verellip,34.607,0.302429433,M,brm,35211,ubi156
ve,verellip,41.946,0.3064436,F,brm,35211,ubi156
ve,verellip,39.22,0.308406071,F,brm,35211,ubi156
ve,verellip,38.81049107,0.310662263,F,brm,35211,ubi156
ve,verellip,40.681,0.311445414,F,brm,35211,ubi156
ve,verellip,38.849,0.313273123,F,brm,35211,ubi156
ve,verellip,33.474,0.318224166,M,brm,35211,ubi156
ve,verellip,33.409,0.319062172,M,brm,35211,ubi156
ve,verellip,37.277,0.321104316,F,brm,35211,ubi156
ve,verellip,32.133,0.324091258,M,brm,35211,ubi156
ve,verellip,37.483,0.32885594,M,brm,35211,ubi156
ve,verellip,40.056,0.32911018,F,brm,35211,ubi156
ve,verellip,39.564,0.332358871,F,brm,35211,ubi156
ve,verellip,34.105,0.333349624,M,brm,35211,ubi156
ve,verellip,38.213,0.333504975,F,brm,35211,ubi156
ve,verellip,35.188,0.334264273,M,brm,35211,ubi156
ve,verellip,31.814,0.336310877,M,brm,35211,ubi156
ve,verellip,43.578,0.336717663,F,brm,35211,ubi156
ve,verellip,37.471,0.338613772,F,brm,35211,ubi156
ve,verellip,36.015,0.339732101,F,brm,35211,ubi156
ve,verellip,39.268,0.340483829,F,brm,35211,ubi156
ve,verellip,40.218,0.344656783,F,brm,35211,ubi156
ve,verellip,39.45,0.347546472,M,brm,35211,ubi156
ve,verellip,41.152,0.351456145,F,brm,35211,ubi156
ve,verellip,39.403,0.355558563,F,brm,35211,ubi156
ve,verellip,36.952,0.356886228,M,brm,35211,ubi156
ve,verellip,36.074,0.361111945,M,brm,35211,ubi156
he,horellip,36.287,0.363244141,M,brm,35211,ubi156
ve,verellip,36.607,0.364321258,M,brm,35211,ubi156
ve,verellip,35.08,0.365881641,M,brm,35211,ubi156
ve,verellip,41.271,0.366592645,F,brm,35211,ubi156
he,horellip,43.233,0.369228798,F,brm,35211,ubi156
ve,verellip,41.582,0.370771288,M,brm,35211,ubi156
he,horellip,39.401,0.371672484,F,brm,35211,ubi156
ve,verellip,37.156,0.372278498,M,brm,35211,ubi156
ve,verellip,44.423,0.377137278,F,brm,35211,ubi156
ve,verellip,43.804,0.37726294,F,brm,35211,ubi156
he,horellip,42.873,0.377702405,M,brm,35211,ubi156
he,horellip,45.148,0.379267473,F,brm,35211,ubi156
he,horellip,59.812,0.380943889,F,brm,35211,ubi156
he,horellip,41.982,0.381204032,M,brm,35211,ubi156
he,horellip,47.97157722,0.383993048,F,brm,35211,ubi156
he,horellip,42.612,0.38507139,F,brm,35211,ubi156
ve,verellip,42.52,0.385214713,M,brm,35211,ubi156
he,horellip,47.79,0.385372147,F,brm,35211,ubi156
he,horellip,41.092,0.390645499,M,brm,35211,ubi156
he,horellip,53.642,0.391890707,F,brm,35211,ubi156
he,horellip,45.644,0.393109982,F,brm,35211,ubi156
ve,verellip,38.453,0.393937221,M,brm,35211,ubi156
he,horellip,50.294,0.395486357,F,brm,35211,ubi156
he,horellip,45.93,0.398248504,F,brm,35211,ubi156
he,horellip,46.963,0.402459508,F,brm,35211,ubi156
he,horellip,47.48,0.403090245,F,brm,35211,ubi156
he,horellip,46.074,0.404228812,M,brm,35211,ubi156
he,horellip,40.271,0.406170573,M,brm,35211,ubi156
he,horellip,53.253,0.407694074,F,brm,35211,ubi156
he,horellip,39.122,0.408039383,M,brm,35211,ubi156
he,horellip,41.772,0.408288535,M,brm,35211,ubi156
he,horellip,49.737,0.408651713,F,brm,35211,ubi156
he,horellip,47.684,0.41075028,F,brm,35211,ubi156
he,horellip,45.465,0.411895271,M,brm,35211,ubi156
he,horellip,53.464,0.413104621,F,brm,35211,ubi156
he,horellip,46.396,0.413695943,M,brm,35211,ubi156
he,horellip,47.37,0.413964869,M,brm,35211,ubi156
he,horellip,39.667,0.419326194,M,brm,35211,ubi156
he,horellip,47.334,0.420447682,F,brm,35211,ubi156
he,horellip,42.037,0.421182883,M,brm,35211,ubi156
he,horellip,41.193,0.42200754,M,brm,35211,ubi156
ve,verellip,37.934,0.423139132,M,brm,35211,ubi156
he,horellip,44.106,0.427218133,M,brm,35211,ubi156
he,horellip,49.789,0.434534823,F,brm,35211,ubi156
he,horellip,45.768,0.437092923,M,brm,35211,ubi156
he,horellip,44.008,0.437977707,M,brm,35211,ubi156
he,horellip,48.613,0.438666306,F,brm,35211,ubi156
he,horellip,46.32,0.440011399,M,brm,35211,ubi156
he,horellip,46.391,0.448049063,M,brm,35211,ubi156
he,horellip,40.516,0.451940345,M,brm,35211,ubi156
ve,verellip,34.07623201,0.197162616,F,osa,35447,ubi156
ve,verellip,32.471,0.258815559,M,osa,35447,ubi156
ve,verellip,33.42165068,0.260603729,F,osa,35447,ubi156
ve,verellip,35.54782125,0.262725014,F,osa,35447,ubi156
ve,verellip,34.61990962,0.267949081,F,osa,35447,ubi156
ve,verellip,32.75127137,0.269058162,F,osa,35447,ubi156
ve,verellip,37.54440815,0.27043515,F,osa,35447,ubi156
ve,verellip,33.57749066,0.272599063,F,osa,35447,ubi156
ve,verellip,32.587514,0.283369085,M,osa,35447,ubi156
ve,verellip,34.949,0.292729709,M,osa,35447,ubi156
ve,verellip,43.84832013,0.298491337,F,osa,35447,ubi156
ve,verellip,36.27247697,0.298975145,F,osa,35447,ubi156
ve,verellip,32.58205554,0.300446332,F,osa,35447,ubi156
ve,verellip,34.05390577,0.305174684,M,osa,35447,ubi156
ve,verellip,39.28176332,0.308643333,M,osa,35447,ubi156
ve,verellip,34.50824834,0.312357795,M,osa,35447,ubi156
ve,verellip,39.63480541,0.317254549,M,osa,35447,ubi156
ve,verellip,37.68831009,0.326909957,M,osa,35447,ubi156
ve,verellip,34.81964136,0.332076759,F,osa,35447,ubi156
he,horellip,57.70755822,0.333891762,F,osa,35447,ubi156
ve,verellip,34.90655448,0.336449032,M,osa,35447,ubi156
ve,verellip,38.47590009,0.344421952,F,osa,35447,ubi156
ve,verellip,39.35205264,0.34698654,M,osa,35447,ubi156
ve,verellip,37.3326706,0.347910996,F,osa,35447,ubi156
ve,verellip,38.348,0.351590722,M,osa,35447,ubi156
ve,verellip,35.1440652,0.351646575,M,osa,35447,ubi156
ve,verellip,37.4709981,0.352128213,M,osa,35447,ubi156
ve,verellip,36.8363539,0.356074286,F,osa,35447,ubi156
ve,verellip,36.62323279,0.359379823,F,osa,35447,ubi156
ve,verellip,34.757,0.360206027,M,osa,35447,ubi156
ve,verellip,39.68980831,0.366913493,M,osa,35447,ubi156
ve,verellip,38.99060306,0.367398563,M,osa,35447,ubi156
he,horellip,44.66827211,0.368177314,F,osa,35447,ubi156
ve,verellip,40.94993134,0.371569144,M,osa,35447,ubi156
ve,verellip,38.96531443,0.371756618,M,osa,35447,ubi156
he,horellip,39.73850913,0.373436815,M,osa,35447,ubi156
he,horellip,47.26869178,0.378359558,M,osa,35447,ubi156
ve,verellip,40.54365993,0.379601467,M,osa,35447,ubi156
ve,verellip,41.09026098,0.383863837,F,osa,35447,ubi156
he,horellip,49.25594653,0.384070896,F,osa,35447,ubi156
he,horellip,40.02022527,0.386850805,F,osa,35447,ubi156
ve,verellip,39.65514348,0.388554945,F,osa,35447,ubi156
he,horellip,41.66917086,0.39013938,M,osa,35447,ubi156
he,horellip,41.86652478,0.390162935,F,osa,35447,ubi156
he,horellip,42.46959537,0.391621522,F,osa,35447,ubi156
he,horellip,40.27596687,0.395223708,F,osa,35447,ubi156
he,horellip,41.96820219,0.395455724,M,osa,35447,ubi156
he,horellip,42.64721405,0.39840884,F,osa,35447,ubi156
he,horellip,58.64426276,0.399212657,F,osa,35447,ubi156
he,horellip,43.746,0.401081874,M,osa,35447,ubi156
he,horellip,44.20599206,0.401113801,M,osa,35447,ubi156
he,horellip,51.89603674,0.401661803,F,osa,35447,ubi156
ve,verellip,40.29315722,0.404406207,M,osa,35447,ubi156
he,horellip,48.387,0.4052852,M,osa,35447,ubi156
he,horellip,46.68677707,0.405971113,M,osa,35447,ubi156
he,horellip,42.56912439,0.40613951,M,osa,35447,ubi156
he,horellip,55.34505875,0.409041421,F,osa,35447,ubi156
he,horellip,50.49172244,0.409917358,F,osa,35447,ubi156
he,horellip,51.485,0.410369839,M,osa,35447,ubi156
he,horellip,57.13153193,0.411522651,F,osa,35447,ubi156
he,horellip,52.52984136,0.41273568,M,osa,35447,ubi156
he,horellip,43.23693665,0.416741948,M,osa,35447,ubi156
he,horellip,46.37843219,0.41980296,M,osa,35447,ubi156
he,horellip,42.40507092,0.424299178,M,osa,35447,ubi156
he,horellip,49.15434355,0.426366805,M,osa,35447,ubi156
he,horellip,47.61951191,0.426743105,M,osa,35447,ubi156
he,horellip,41.443,0.429496746,M,osa,35447,ubi156
he,horellip,39.60755163,0.430860966,F,osa,35447,ubi156
he,horellip,48.13279365,0.430866873,F,osa,35447,ubi156
he,horellip,43.08693147,0.432446195,M,osa,35447,ubi156
he,horellip,49.10067186,0.432944945,M,osa,35447,ubi156
ve,verellip,39.85788711,0.433584178,F,osa,35447,ubi156
he,horellip,53.07612641,0.43603086,F,osa,35447,ubi156
he,horellip,48.08112166,0.444487213,M,osa,35447,ubi156
he,horellip,47.14399238,0.449614746,F,osa,35447,ubi156
he,horellip,46.59803241,0.456583795,F,osa,35447,ubi156
ve,verellip,31.34490413,0.246889031,M,vtd,36786,ubi156
ve,verellip,27.14103675,0.250444397,M,vtd,36786,ubi156
ve,verellip,32.31970992,0.255319758,M,vtd,36786,ubi156
ve,verellip,35.34490307,0.257735803,F,vtd,36786,ubi156
ve,verellip,37.55106475,0.271460512,F,vtd,36786,ubi156
ve,verellip,40.06486674,0.278832232,F,vtd,36786,ubi156
ve,verellip,35.78523363,0.285548913,F,vtd,36786,ubi156
ve,verellip,36.60808485,0.286452995,F,vtd,36786,ubi156
ve,verellip,32.18244357,0.294083999,M,vtd,36786,ubi156
ve,verellip,34.60826129,0.297148221,F,vtd,36786,ubi156
ve,verellip,37.66188994,0.299251174,F,vtd,36786,ubi156
ve,verellip,39.00339471,0.303330288,F,vtd,36786,ubi156
ve,verellip,34.00169609,0.305221806,M,vtd,36786,ubi156
ve,verellip,30.57709016,0.308245765,M,vtd,36786,ubi156
ve,verellip,40.13622604,0.310674805,F,vtd,36786,ubi156
ve,verellip,36.65776169,0.321002501,F,vtd,36786,ubi156
ve,verellip,34.56994292,0.324817885,M,vtd,36786,ubi156
ve,verellip,36.05451228,0.3278398,M,vtd,36786,ubi156
ve,verellip,40.65076369,0.328278664,F,vtd,36786,ubi156
ve,verellip,41.56498835,0.332667345,F,vtd,36786,ubi156
ve,verellip,34.97795137,0.336883737,M,vtd,36786,ubi156
ve,verellip,36.94609077,0.338305896,M,vtd,36786,ubi156
ve,verellip,37.44054059,0.340591378,M,vtd,36786,ubi156
ve,verellip,36.8187504,0.341942894,F,vtd,36786,ubi156
ve,verellip,36.08005068,0.34218838,M,vtd,36786,ubi156
ve,verellip,35.82048809,0.343490909,M,vtd,36786,ubi156
ve,verellip,37.30897645,0.344503116,M,vtd,36786,ubi156
ve,verellip,32.97140912,0.344741046,M,vtd,36786,ubi156
ve,verellip,35.09219266,0.34772173,M,vtd,36786,ubi156
ve,verellip,37.55733038,0.350185369,F,vtd,36786,ubi156
he,horellip,45.08297546,0.356147205,M,vtd,36786,ubi156
ve,verellip,39.43445818,0.35862619,M,vtd,36786,ubi156
he,horellip,39.39168781,0.359962259,M,vtd,36786,ubi156
he,horellip,44.21574778,0.360020983,F,vtd,36786,ubi156
ve,verellip,36.63682913,0.361211929,M,vtd,36786,ubi156
ve,verellip,41.74615684,0.36264851,F,vtd,36786,ubi156
ve,verellip,34.73190691,0.36513216,M,vtd,36786,ubi156
ve,verellip,36.02412785,0.365250533,F,vtd,36786,ubi156
ve,verellip,38.21742496,0.366518021,F,vtd,36786,ubi156
he,horellip,51.93921217,0.375473911,F,vtd,36786,ubi156
he,horellip,41.30874814,0.378253633,M,vtd,36786,ubi156
ve,verellip,43.7192376,0.378455223,F,vtd,36786,ubi156
he,horellip,39.47293231,0.378515037,M,vtd,36786,ubi156
ve,verellip,37.75233233,0.380916427,M,vtd,36786,ubi156
he,horellip,41.02355655,0.380993747,F,vtd,36786,ubi156
he,horellip,41.33103337,0.38164193,M,vtd,36786,ubi156
he,horellip,39.71008272,0.382460394,M,vtd,36786,ubi156
he,horellip,41.16555917,0.386790048,M,vtd,36786,ubi156
ve,verellip,40.90271697,0.391097657,F,vtd,36786,ubi156
he,horellip,49.38277979,0.392382189,F,vtd,36786,ubi156
he,horellip,54.05213078,0.394149315,F,vtd,36786,ubi156
he,horellip,49.30460676,0.394611747,F,vtd,36786,ubi156
he,horellip,44.26206805,0.397325719,M,vtd,36786,ubi156
he,horellip,51.6069281,0.399463874,F,vtd,36786,ubi156
he,horellip,57.77809624,0.402107803,F,vtd,36786,ubi156
he,horellip,45.92510124,0.402154187,F,vtd,36786,ubi156
he,horellip,39.86799533,0.402263208,M,vtd,36786,ubi156
he,horellip,51.09208033,0.402428228,M,vtd,36786,ubi156
he,horellip,44.27336691,0.40257296,M,vtd,36786,ubi156
he,horellip,40.67622302,0.403052804,M,vtd,36786,ubi156
he,horellip,44.14020884,0.407304558,M,vtd,36786,ubi156
he,horellip,39.06367633,0.408440312,M,vtd,36786,ubi156
he,horellip,42.70612929,0.409566212,F,vtd,36786,ubi156
he,horellip,47.70243733,0.409575456,F,vtd,36786,ubi156
ve,verellip,50.75729358,0.41328467,F,vtd,36786,ubi156
he,horellip,51.82900736,0.413570493,F,vtd,36786,ubi156
he,horellip,53.19369828,0.413688602,F,vtd,36786,ubi156
he,horellip,40.83448953,0.414023044,F,vtd,36786,ubi156
he,horellip,42.06735235,0.414752855,M,vtd,36786,ubi156
he,horellip,43.40411102,0.415015123,F,vtd,36786,ubi156
he,horellip,41.3522001,0.416868985,M,vtd,36786,ubi156
he,horellip,45.0718406,0.420250827,F,vtd,36786,ubi156
he,horellip,44.3309757,0.420441338,M,vtd,36786,ubi156
he,horellip,48.40276091,0.420474373,F,vtd,36786,ubi156
he,horellip,53.76255465,0.420684252,F,vtd,36786,ubi156
he,horellip,46.28351302,0.421034666,M,vtd,36786,ubi156
he,horellip,49.4646316,0.42819018,F,vtd,36786,ubi156
he,horellip,40.90098316,0.429986881,M,vtd,36786,ubi156
he,horellip,53.3919917,0.431171523,F,vtd,36786,ubi156
he,horellip,48.22280688,0.438549489,M,vtd,36786,ubi156
ve,verellip,33.13060953,0.242350577,F,SMC3,60017,ubi156
ve,verellip,34.34686058,0.265540761,M,SMC3,60017,ubi156
ve,verellip,31.19881566,0.288950129,M,SMC3,60017,ubi156
ve,verellip,35.00920134,0.289135089,M,SMC3,60017,ubi156
ve,verellip,32.76017575,0.290596638,M,SMC3,60017,ubi156
ve,verellip,34.69233731,0.294206886,M,SMC3,60017,ubi156
ve,verellip,35.36322849,0.296271909,F,SMC3,60017,ubi156
ve,verellip,35.09461684,0.297982198,F,SMC3,60017,ubi156
ve,verellip,36.04465326,0.305282334,M,SMC3,60017,ubi156
ve,verellip,34.2738069,0.307575055,F,SMC3,60017,ubi156
ve,verellip,35.48462166,0.31256518,M,SMC3,60017,ubi156
ve,verellip,33.39576668,0.314352375,F,SMC3,60017,ubi156
ve,verellip,37.16939226,0.31687981,F,SMC3,60017,ubi156
ve,verellip,43.98698616,0.318691497,M,SMC3,60017,ubi156
ve,verellip,36.09686365,0.319256617,M,SMC3,60017,ubi156
ve,verellip,34.46051181,0.32201844,F,SMC3,60017,ubi156
ve,verellip,40.04402264,0.323339644,F,SMC3,60017,ubi156
ve,verellip,35.72296371,0.326371127,M,SMC3,60017,ubi156
ve,verellip,35.1388515,0.327803059,M,SMC3,60017,ubi156
ve,verellip,36.73769138,0.327846146,M,SMC3,60017,ubi156
ve,verellip,35.32575922,0.328290123,F,SMC3,60017,ubi156
ve,verellip,37.86840937,0.32850785,F,SMC3,60017,ubi156
ve,verellip,37.05430471,0.331893545,M,SMC3,60017,ubi156
ve,verellip,37.46018373,0.332511973,F,SMC3,60017,ubi156
ve,verellip,34.19311608,0.334901612,M,SMC3,60017,ubi156
ve,verellip,36.58444559,0.336174667,F,SMC3,60017,ubi156
ve,verellip,37.76751545,0.337006523,M,SMC3,60017,ubi156
ve,verellip,39.00724828,0.338130542,F,SMC3,60017,ubi156
ve,verellip,37.24741143,0.339507975,F,SMC3,60017,ubi156
ve,verellip,41.83980556,0.341389201,M,SMC3,60017,ubi156
ve,verellip,40.09424355,0.34555569,M,SMC3,60017,ubi156
he,horellip,42.60135128,0.351837375,M,SMC3,60017,ubi156
ve,verellip,37.07867509,0.351932984,M,SMC3,60017,ubi156
ve,verellip,39.24053936,0.353147802,F,SMC3,60017,ubi156
ve,verellip,35.36272209,0.355895085,F,SMC3,60017,ubi156
he,horellip,39.83024455,0.358454892,F,SMC3,60017,ubi156
ve,verellip,37.26731324,0.365430928,F,SMC3,60017,ubi156
ve,verellip,36.01920418,0.366609577,M,SMC3,60017,ubi156
he,horellip,39.74859719,0.368134561,M,SMC3,60017,ubi156
he,horellip,41.52747044,0.368366257,M,SMC3,60017,ubi156
he,horellip,47.72178692,0.368944334,M,SMC3,60017,ubi156
he,horellip,41.19314544,0.369669585,F,SMC3,60017,ubi156
he,horellip,51.35722552,0.372089851,M,SMC3,60017,ubi156
ve,verellip,37.71798846,0.372242383,M,SMC3,60017,ubi156
he,horellip,41.33906348,0.379864876,F,SMC3,60017,ubi156
he,horellip,52.5329827,0.384279035,F,SMC3,60017,ubi156
he,horellip,41.13929738,0.390474461,M,SMC3,60017,ubi156
he,horellip,42.29861714,0.394595028,M,SMC3,60017,ubi156
he,horellip,44.65779181,0.398524904,M,SMC3,60017,ubi156
he,horellip,42.99669071,0.399577792,F,SMC3,60017,ubi156
he,horellip,45.35994803,0.401183429,M,SMC3,60017,ubi156
he,horellip,46.42954104,0.402775532,F,SMC3,60017,ubi156
he,horellip,45.51082211,0.403972744,F,SMC3,60017,ubi156
he,horellip,45.47027587,0.405739678,M,SMC3,60017,ubi156
he,horellip,47.08588009,0.405813711,M,SMC3,60017,ubi156
he,horellip,46.11041181,0.406162121,M,SMC3,60017,ubi156
he,horellip,48.14644978,0.407779219,M,SMC3,60017,ubi156
he,horellip,47.20211915,0.409166984,F,SMC3,60017,ubi156
he,horellip,48.26932366,0.409345939,M,SMC3,60017,ubi156
he,horellip,48.6140439,0.412773267,F,SMC3,60017,ubi156
he,horellip,41.94271311,0.413936589,M,SMC3,60017,ubi156
he,horellip,41.15336732,0.4141729,F,SMC3,60017,ubi156
he,horellip,40.69324464,0.414182754,M,SMC3,60017,ubi156
he,horellip,49.65369385,0.415996935,F,SMC3,60017,ubi156
he,horellip,42.58714305,0.417116206,M,SMC3,60017,ubi156
he,horellip,46.6288637,0.417652388,M,SMC3,60017,ubi156
he,horellip,45.95750275,0.419875632,M,SMC3,60017,ubi156
he,horellip,49.7549802,0.424175585,F,SMC3,60017,ubi156
he,horellip,52.26409856,0.426445549,M,SMC3,60017,ubi156
he,horellip,53.14952815,0.429161417,F,SMC3,60017,ubi156
he,horellip,46.38057585,0.433406235,F,SMC3,60017,ubi156
he,horellip,44.45136579,0.435875368,F,SMC3,60017,ubi156
he,horellip,46.80697364,0.440591272,F,SMC3,60017,ubi156
he,horellip,48.37575891,0.440942211,F,SMC3,60017,ubi156
ve,verellip,33.22378645,0.259771442,F,Control,TRiPsc,ubi156
ve,verellip,34.55343489,0.277319029,M,Control,TRiPsc,ubi156
ve,verellip,36.39761041,0.284676529,F,Control,TRiPsc,ubi156
ve,verellip,36.79894662,0.288429238,F,Control,TRiPsc,ubi156
ve,verellip,34.79904917,0.290505823,M,Control,TRiPsc,ubi156
ve,verellip,34.79742681,0.300948609,M,Control,TRiPsc,ubi156
ve,verellip,37.53210629,0.30354569,F,Control,TRiPsc,ubi156
ve,verellip,34.65790816,0.304438249,F,Control,TRiPsc,ubi156
ve,verellip,37.30896339,0.305826699,F,Control,TRiPsc,ubi156
ve,verellip,32.387,0.31069647,M,Control,TRiPsc,ubi156
ve,verellip,37.50411959,0.311184052,M,Control,TRiPsc,ubi156
ve,verellip,36.03049216,0.315150516,F,Control,TRiPsc,ubi156
ve,verellip,34.56055816,0.315257999,F,Control,TRiPsc,ubi156
ve,verellip,38.67671412,0.316574125,F,Control,TRiPsc,ubi156
ve,verellip,34.12995342,0.32213781,M,Control,TRiPsc,ubi156
ve,verellip,37.12060762,0.326170508,M,Control,TRiPsc,ubi156
ve,verellip,35.37224454,0.329275701,F,Control,TRiPsc,ubi156
ve,verellip,43.78171022,0.332125982,F,Control,TRiPsc,ubi156
ve,verellip,33.10005007,0.335503343,M,Control,TRiPsc,ubi156
ve,verellip,42.13589041,0.336036561,F,Control,TRiPsc,ubi156
ve,verellip,37.02133812,0.336071466,M,Control,TRiPsc,ubi156
ve,verellip,36.023,0.336474874,M,Control,TRiPsc,ubi156
ve,verellip,37.559,0.337366388,M,Control,TRiPsc,ubi156
ve,verellip,35.52268132,0.340708958,M,Control,TRiPsc,ubi156
ve,verellip,39.11821219,0.345550325,F,Control,TRiPsc,ubi156
ve,verellip,38.239,0.347437761,M,Control,TRiPsc,ubi156
ve,verellip,36.576,0.348110783,M,Control,TRiPsc,ubi156
ve,verellip,38.17049643,0.350041454,F,Control,TRiPsc,ubi156
ve,verellip,37.587,0.351477464,M,Control,TRiPsc,ubi156
ve,verellip,35.681,0.352997626,M,Control,TRiPsc,ubi156
ve,verellip,36.625,0.354515536,M,Control,TRiPsc,ubi156
ve,verellip,39.59670242,0.357510257,F,Control,TRiPsc,ubi156
ve,verellip,43.03683128,0.358928674,F,Control,TRiPsc,ubi156
he,horellip,39.739,0.361066691,M,Control,TRiPsc,ubi156
ve,verellip,35.91106991,0.362352096,F,Control,TRiPsc,ubi156
ve,verellip,37.26518774,0.365104229,M,Control,TRiPsc,ubi156
ve,verellip,38.21555248,0.366972472,F,Control,TRiPsc,ubi156
he,horellip,39.398,0.367999253,M,Control,TRiPsc,ubi156
ve,verellip,38.37549832,0.369236399,F,Control,TRiPsc,ubi156
he,horellip,40.27056054,0.369300032,F,Control,TRiPsc,ubi156
ve,verellip,39.49364028,0.370963906,F,Control,TRiPsc,ubi156
ve,verellip,37.1065677,0.37156063,M,Control,TRiPsc,ubi156
he,horellip,46.6011501,0.371647307,F,Control,TRiPsc,ubi156
he,horellip,38.209,0.378007519,M,Control,TRiPsc,ubi156
he,horellip,48.27518783,0.378379735,F,Control,TRiPsc,ubi156
he,horellip,45.76965301,0.382089483,M,Control,TRiPsc,ubi156
he,horellip,42.24522301,0.38349273,M,Control,TRiPsc,ubi156
he,horellip,49.26767914,0.385216058,F,Control,TRiPsc,ubi156
he,horellip,40.83,0.391692249,M,Control,TRiPsc,ubi156
he,horellip,41.50895131,0.391784967,M,Control,TRiPsc,ubi156
he,horellip,42.081,0.393501029,M,Control,TRiPsc,ubi156
he,horellip,40.29823971,0.394820438,M,Control,TRiPsc,ubi156
he,horellip,45.27673797,0.397715026,F,Control,TRiPsc,ubi156
he,horellip,39.9299549,0.399832162,M,Control,TRiPsc,ubi156
he,horellip,39.60381642,0.401425762,M,Control,TRiPsc,ubi156
ve,verellip,40.80835585,0.403808628,M,Control,TRiPsc,ubi156
he,horellip,46.74639727,0.404290331,M,Control,TRiPsc,ubi156
he,horellip,42.553,0.404996669,M,Control,TRiPsc,ubi156
he,horellip,53.60204851,0.406622604,F,Control,TRiPsc,ubi156
he,horellip,50.86083987,0.408199034,M,Control,TRiPsc,ubi156
he,horellip,48.99120449,0.408588354,F,Control,TRiPsc,ubi156
he,horellip,45.563,0.409260756,M,Control,TRiPsc,ubi156
he,horellip,42.301,0.409456974,M,Control,TRiPsc,ubi156
he,horellip,50.18542998,0.410774517,F,Control,TRiPsc,ubi156
he,horellip,46.87515735,0.411881564,M,Control,TRiPsc,ubi156
he,horellip,41.5194555,0.418942174,F,Control,TRiPsc,ubi156
he,horellip,43.85905509,0.420665682,M,Control,TRiPsc,ubi156
he,horellip,46.60512438,0.420787818,F,Control,TRiPsc,ubi156
he,horellip,51.51223005,0.422252828,F,Control,TRiPsc,ubi156
he,horellip,54.10074214,0.423137984,F,Control,TRiPsc,ubi156
he,horellip,45.60183327,0.424501634,F,Control,TRiPsc,ubi156
he,horellip,48.41633207,0.427685171,F,Control,TRiPsc,ubi156
he,horellip,49.0300568,0.42885475,F,Control,TRiPsc,ubi156
he,horellip,43.43410619,0.429791068,M,Control,TRiPsc,ubi156
he,horellip,47.53092288,0.433572386,F,Control,TRiPsc,ubi156
he,horellip,46.33512993,0.435226043,F,Control,TRiPsc,ubi156
he,horellip,52.5863193,0.436326039,M,Control,TRiPsc,ubi156
he,horellip,45.89066637,0.440674285,F,Control,TRiPsc,ubi156
he,horellip,46.01371547,0.442728807,F,Control,TRiPsc,ubi156
he,horellip,55.80325835,0.45131596,F,Control,TRiPsc,ubi156
